{
  "id": "1920707",
  "name": "ig",
  "font_family": "iconfont",
  "css_prefix_text": "icon",
  "description": "1234",
  "glyphs": [
    {
      "icon_id": "3930485",
      "name": "排序",
      "font_class": "paixu",
      "unicode": "e617",
      "unicode_decimal": 58903
    },
    {
      "icon_id": "4406933",
      "name": "排序",
      "font_class": "paixu1",
      "unicode": "e60a",
      "unicode_decimal": 58890
    },
    {
      "icon_id": "4942649",
      "name": "排序",
      "font_class": "paixu2",
      "unicode": "e618",
      "unicode_decimal": 58904
    },
    {
      "icon_id": "5286704",
      "name": "排序",
      "font_class": "paixu3",
      "unicode": "e63a",
      "unicode_decimal": 58938
    },
    {
      "icon_id": "9509951",
      "name": "排序",
      "font_class": "paixu4",
      "unicode": "e60e",
      "unicode_decimal": 58894
    }
  ]
}
